{
  "n_runs": 15,
  "icmp_delta": {
    "A": {
      "mean": 0.292,
      "sd": 0.09168112440098328,
      "ci95": 0.050776363919220746,
      "raw": [
        0.376,
        0.36,
        0.304,
        0.352,
        0.19,
        0.181,
        0.375,
        0.24,
        0.176,
        0.157,
        0.412,
        0.423,
        0.234,
        0.34,
        0.26
      ]
    },
    "B": {
      "mean": 0.21580000000000002,
      "sd": 0.07723914625554656,
      "ci95": 0.04277786757859054,
      "raw": [
        0.171,
        0.207,
        0.288,
        0.231,
        0.232,
        0.285,
        0.209,
        0.137,
        0.181,
        0.175,
        0.201,
        0.129,
        0.192,
        0.44,
        0.159
      ]
    },
    "welch_t": 2.461797675846161,
    "df": 27.21576806180537,
    "p": 0.020442212632388795
  },
  "voice_pkts": {
    "A": {
      "mean": 2.8666666666666667,
      "raw": [
        4.0,
        2.0,
        3.0,
        2.0,
        2.0,
        2.0,
        2.0,
        3.0,
        2.0,
        2.0,
        3.0,
        4.0,
        4.0,
        4.0,
        4.0
      ]
    },
    "B": {
      "mean": 14192.6,
      "raw": [
        14185.0,
        14161.0,
        14185.0,
        14192.0,
        14169.0,
        14174.0,
        14212.0,
        14202.0,
        14236.0,
        14205.0,
        14191.0,
        14215.0,
        14211.0,
        14152.0,
        14199.0
      ],
      "runs_with_voice": 15
    },
    "welch_t": -2446.690469232303,
    "df": 14.046589770228497,
    "p": 6.055836467881663e-41
  },
  "udp_jitter": {
    "A": {
      "mean": 0,
      "sd": 0,
      "ci95": 0
    },
    "B": {
      "mean": 0,
      "sd": 0,
      "ci95": 0
    },
    "welch_t": 0,
    "df": 0,
    "p": null
  },
  "svc_classification_rate": "15/15"
}