{
	"start":	{
		"connected":	[{
				"socket":	5,
				"local_host":	"10.0.2.2",
				"local_port":	51421,
				"remote_host":	"10.0.1.2",
				"remote_port":	5201
			}],
		"version":	"iperf 3.12",
		"system_info":	"Linux ffa375ae6905 6.6.87.2-microsoft-standard-WSL2 #1 SMP PREEMPT_DYNAMIC Thu Jun  5 18:30:46 UTC 2025 x86_64",
		"timestamp":	{
			"time":	"Sun, 22 Feb 2026 14:32:54 GMT",
			"timesecs":	1771770774
		},
		"connecting_to":	{
			"host":	"10.0.1.2",
			"port":	5201
		},
		"cookie":	"hznkkut2ymyzc5ciltakkbbnii3vnt63tx7e",
		"target_bitrate":	300000000,
		"sock_bufsize":	0,
		"sndbuf_actual":	212992,
		"rcvbuf_actual":	212992,
		"test_start":	{
			"protocol":	"UDP",
			"num_streams":	1,
			"blksize":	1448,
			"omit":	0,
			"duration":	20,
			"bytes":	0,
			"blocks":	0,
			"reverse":	0,
			"tos":	0,
			"target_bitrate":	300000000
		}
	},
	"intervals":	[{
			"streams":	[{
					"socket":	5,
					"start":	0,
					"end":	1.000072,
					"seconds":	1.0000720024108887,
					"bytes":	37474240,
					"bits_per_second":	299772335.66911411,
					"packets":	25880,
					"omitted":	false,
					"sender":	true
				}],
			"sum":	{
				"start":	0,
				"end":	1.000072,
				"seconds":	1.0000720024108887,
				"bytes":	37474240,
				"bits_per_second":	299772335.66911411,
				"packets":	25880,
				"omitted":	false,
				"sender":	true
			}
		}, {
			"streams":	[{
					"socket":	5,
					"start":	1.000072,
					"end":	2.000068,
					"seconds":	0.9999960064888,
					"bytes":	37500304,
					"bits_per_second":	300003630.06785673,
					"packets":	25898,
					"omitted":	false,
					"sender":	true
				}],
			"sum":	{
				"start":	1.000072,
				"end":	2.000068,
				"seconds":	0.9999960064888,
				"bytes":	37500304,
				"bits_per_second":	300003630.06785673,
				"packets":	25898,
				"omitted":	false,
				"sender":	true
			}
		}, {
			"streams":	[{
					"socket":	5,
					"start":	2.000068,
					"end":	3.000075,
					"seconds":	1.0000070333480835,
					"bytes":	37498856,
					"bits_per_second":	299988738.074784,
					"packets":	25897,
					"omitted":	false,
					"sender":	true
				}],
			"sum":	{
				"start":	2.000068,
				"end":	3.000075,
				"seconds":	1.0000070333480835,
				"bytes":	37498856,
				"bits_per_second":	299988738.074784,
				"packets":	25897,
				"omitted":	false,
				"sender":	true
			}
		}, {
			"streams":	[{
					"socket":	5,
					"start":	3.000075,
					"end":	4.000031,
					"seconds":	0.99995601177215576,
					"bytes":	37498856,
					"bits_per_second":	300004044.6462701,
					"packets":	25897,
					"omitted":	false,
					"sender":	true
				}],
			"sum":	{
				"start":	3.000075,
				"end":	4.000031,
				"seconds":	0.99995601177215576,
				"bytes":	37498856,
				"bits_per_second":	300004044.6462701,
				"packets":	25897,
				"omitted":	false,
				"sender":	true
			}
		}, {
			"streams":	[{
					"socket":	5,
					"start":	4.000031,
					"end":	5.000038,
					"seconds":	1.0000070333480835,
					"bytes":	37503200,
					"bits_per_second":	300023489.8303628,
					"packets":	25900,
					"omitted":	false,
					"sender":	true
				}],
			"sum":	{
				"start":	4.000031,
				"end":	5.000038,
				"seconds":	1.0000070333480835,
				"bytes":	37503200,
				"bits_per_second":	300023489.8303628,
				"packets":	25900,
				"omitted":	false,
				"sender":	true
			}
		}, {
			"streams":	[{
					"socket":	5,
					"start":	5.000038,
					"end":	6.000065,
					"seconds":	1.0000269412994385,
					"bytes":	37498856,
					"bits_per_second":	299982766.07447278,
					"packets":	25897,
					"omitted":	false,
					"sender":	true
				}],
			"sum":	{
				"start":	5.000038,
				"end":	6.000065,
				"seconds":	1.0000269412994385,
				"bytes":	37498856,
				"bits_per_second":	299982766.07447278,
				"packets":	25897,
				"omitted":	false,
				"sender":	true
			}
		}, {
			"streams":	[{
					"socket":	5,
					"start":	6.000065,
					"end":	7.000049,
					"seconds":	0.9999840259552002,
					"bytes":	37501752,
					"bits_per_second":	300018808.513888,
					"packets":	25899,
					"omitted":	false,
					"sender":	true
				}],
			"sum":	{
				"start":	6.000065,
				"end":	7.000049,
				"seconds":	0.9999840259552002,
				"bytes":	37501752,
				"bits_per_second":	300018808.513888,
				"packets":	25899,
				"omitted":	false,
				"sender":	true
			}
		}, {
			"streams":	[{
					"socket":	5,
					"start":	7.000049,
					"end":	8.000072,
					"seconds":	1.0000230073928833,
					"bytes":	37501752,
					"bits_per_second":	300007113.61846918,
					"packets":	25899,
					"omitted":	false,
					"sender":	true
				}],
			"sum":	{
				"start":	7.000049,
				"end":	8.000072,
				"seconds":	1.0000230073928833,
				"bytes":	37501752,
				"bits_per_second":	300007113.61846918,
				"packets":	25899,
				"omitted":	false,
				"sender":	true
			}
		}, {
			"streams":	[{
					"socket":	5,
					"start":	8.000072,
					"end":	9.000074,
					"seconds":	1.0000020265579224,
					"bytes":	37498856,
					"bits_per_second":	299990240.05240238,
					"packets":	25897,
					"omitted":	false,
					"sender":	true
				}],
			"sum":	{
				"start":	8.000072,
				"end":	9.000074,
				"seconds":	1.0000020265579224,
				"bytes":	37498856,
				"bits_per_second":	299990240.05240238,
				"packets":	25897,
				"omitted":	false,
				"sender":	true
			}
		}, {
			"streams":	[{
					"socket":	5,
					"start":	9.000074,
					"end":	10.000101,
					"seconds":	1.0000269412994385,
					"bytes":	37497408,
					"bits_per_second":	299971182.38655239,
					"packets":	25896,
					"omitted":	false,
					"sender":	true
				}],
			"sum":	{
				"start":	9.000074,
				"end":	10.000101,
				"seconds":	1.0000269412994385,
				"bytes":	37497408,
				"bits_per_second":	299971182.38655239,
				"packets":	25896,
				"omitted":	false,
				"sender":	true
			}
		}, {
			"streams":	[{
					"socket":	5,
					"start":	10.000101,
					"end":	11.000083,
					"seconds":	0.99998199939727783,
					"bytes":	37497408,
					"bits_per_second":	299984663.90475768,
					"packets":	25896,
					"omitted":	false,
					"sender":	true
				}],
			"sum":	{
				"start":	10.000101,
				"end":	11.000083,
				"seconds":	0.99998199939727783,
				"bytes":	37497408,
				"bits_per_second":	299984663.90475768,
				"packets":	25896,
				"omitted":	false,
				"sender":	true
			}
		}, {
			"streams":	[{
					"socket":	5,
					"start":	11.000083,
					"end":	12.000085,
					"seconds":	1.0000020265579224,
					"bytes":	37503200,
					"bits_per_second":	300024991.98197562,
					"packets":	25900,
					"omitted":	false,
					"sender":	true
				}],
			"sum":	{
				"start":	11.000083,
				"end":	12.000085,
				"seconds":	1.0000020265579224,
				"bytes":	37503200,
				"bits_per_second":	300024991.98197562,
				"packets":	25900,
				"omitted":	false,
				"sender":	true
			}
		}, {
			"streams":	[{
					"socket":	5,
					"start":	12.000085,
					"end":	13.000079,
					"seconds":	0.99999397993087769,
					"bytes":	37498856,
					"bits_per_second":	299992653.97651315,
					"packets":	25897,
					"omitted":	false,
					"sender":	true
				}],
			"sum":	{
				"start":	12.000085,
				"end":	13.000079,
				"seconds":	0.99999397993087769,
				"bytes":	37498856,
				"bits_per_second":	299992653.97651315,
				"packets":	25897,
				"omitted":	false,
				"sender":	true
			}
		}, {
			"streams":	[{
					"socket":	5,
					"start":	13.000079,
					"end":	14.000081,
					"seconds":	1.0000020265579224,
					"bytes":	37500304,
					"bits_per_second":	300001824.02892679,
					"packets":	25898,
					"omitted":	false,
					"sender":	true
				}],
			"sum":	{
				"start":	13.000079,
				"end":	14.000081,
				"seconds":	1.0000020265579224,
				"bytes":	37500304,
				"bits_per_second":	300001824.02892679,
				"packets":	25898,
				"omitted":	false,
				"sender":	true
			}
		}, {
			"streams":	[{
					"socket":	5,
					"start":	14.000081,
					"end":	15.000061,
					"seconds":	0.99997997283935547,
					"bytes":	37500304,
					"bits_per_second":	300008440.317229,
					"packets":	25898,
					"omitted":	false,
					"sender":	true
				}],