{
	"start":	{
		"connected":	[{
				"socket":	5,
				"local_host":	"10.0.2.2",
				"local_port":	56091,
				"remote_host":	"10.0.1.2",
				"remote_port":	5201
			}],
		"version":	"iperf 3.12",
		"system_info":	"Linux ffa375ae6905 6.6.87.2-microsoft-standard-WSL2 #1 SMP PREEMPT_DYNAMIC Thu Jun  5 18:30:46 UTC 2025 x86_64",
		"timestamp":	{
			"time":	"Sun, 22 Feb 2026 14:40:20 GMT",
			"timesecs":	1771771220
		},
		"connecting_to":	{
			"host":	"10.0.1.2",
			"port":	5201
		},
		"cookie":	"qmprehu76eonjaitvgwcz66puaxcple5osve",
		"target_bitrate":	300000000,
		"sock_bufsize":	0,
		"sndbuf_actual":	212992,
		"rcvbuf_actual":	212992,
		"test_start":	{
			"protocol":	"UDP",
			"num_streams":	1,
			"blksize":	1448,
			"omit":	0,
			"duration":	20,
			"bytes":	0,
			"blocks":	0,
			"reverse":	0,
			"tos":	0,
			"target_bitrate":	300000000
		}
	},
	"intervals":	[{
			"streams":	[{
					"socket":	5,
					"start":	0,
					"end":	1.000048,
					"seconds":	1.000048041343689,
					"bytes":	37477136,
					"bits_per_second":	299802685.0761674,
					"packets":	25882,
					"omitted":	false,
					"sender":	true
				}],
			"sum":	{
				"start":	0,
				"end":	1.000048,
				"seconds":	1.000048041343689,
				"bytes":	37477136,
				"bits_per_second":	299802685.0761674,
				"packets":	25882,
				"omitted":	false,
				"sender":	true
			}
		}, {
			"streams":	[{
					"socket":	5,
					"start":	1.000048,
					"end":	2.000071,
					"seconds":	1.0000230073928833,
					"bytes":	37500304,
					"bits_per_second":	299995529.88498068,
					"packets":	25898,
					"omitted":	false,
					"sender":	true
				}],
			"sum":	{
				"start":	1.000048,
				"end":	2.000071,
				"seconds":	1.0000230073928833,
				"bytes":	37500304,
				"bits_per_second":	299995529.88498068,
				"packets":	25898,
				"omitted":	false,
				"sender":	true
			}
		}, {
			"streams":	[{
					"socket":	5,
					"start":	2.000071,
					"end":	3.000023,
					"seconds":	0.99995201826095581,
					"bytes":	37495960,
					"bits_per_second":	299982073.66157639,
					"packets":	25895,
					"omitted":	false,
					"sender":	true
				}],
			"sum":	{
				"start":	2.000071,
				"end":	3.000023,
				"seconds":	0.99995201826095581,
				"bytes":	37495960,
				"bits_per_second":	299982073.66157639,
				"packets":	25895,
				"omitted":	false,
				"sender":	true
			}
		}, {
			"streams":	[{
					"socket":	5,
					"start":	3.000023,
					"end":	4.000071,
					"seconds":	1.000048041343689,
					"bytes":	37500304,
					"bits_per_second":	299988020.17242032,
					"packets":	25898,
					"omitted":	false,
					"sender":	true
				}],
			"sum":	{
				"start":	3.000023,
				"end":	4.000071,
				"seconds":	1.000048041343689,
				"bytes":	37500304,
				"bits_per_second":	299988020.17242032,
				"packets":	25898,
				"omitted":	false,
				"sender":	true
			}
		}, {
			"streams":	[{
					"socket":	5,
					"start":	4.000071,
					"end":	5.000053,
					"seconds":	0.99998199939727783,
					"bytes":	37500304,
					"bits_per_second":	300007832.32180315,
					"packets":	25898,
					"omitted":	false,
					"sender":	true
				}],
			"sum":	{
				"start":	4.000071,
				"end":	5.000053,
				"seconds":	0.99998199939727783,
				"bytes":	37500304,
				"bits_per_second":	300007832.32180315,
				"packets":	25898,
				"omitted":	false,
				"sender":	true
			}
		}, {
			"streams":	[{
					"socket":	5,
					"start":	5.000053,
					"end":	6.000029,
					"seconds":	0.99997597932815552,
					"bytes":	37503200,
					"bits_per_second":	300032806.98959929,
					"packets":	25900,
					"omitted":	false,
					"sender":	true
				}],
			"sum":	{
				"start":	5.000053,
				"end":	6.000029,
				"seconds":	0.99997597932815552,
				"bytes":	37503200,
				"bits_per_second":	300032806.98959929,
				"packets":	25900,
				"omitted":	false,
				"sender":	true
			}
		}, {
			"streams":	[{
					"socket":	5,
					"start":	6.000029,
					"end":	7.000083,
					"seconds":	1.0000540018081665,
					"bytes":	37497408,
					"bits_per_second":	299963065.4520824,
					"packets":	25896,
					"omitted":	false,
					"sender":	true
				}],
			"sum":	{
				"start":	6.000029,
				"end":	7.000083,
				"seconds":	1.0000540018081665,
				"bytes":	37497408,
				"bits_per_second":	299963065.4520824,
				"packets":	25896,
				"omitted":	false,
				"sender":	true
			}
		}, {
			"streams":	[{
					"socket":	5,
					"start":	7.000083,
					"end":	8.000086,
					"seconds":	1.0000029802322388,
					"bytes":	37500304,
					"bits_per_second":	300001537.925745,
					"packets":	25898,
					"omitted":	false,
					"sender":	true
				}],
			"sum":	{
				"start":	7.000083,
				"end":	8.000086,
				"seconds":	1.0000029802322388,
				"bytes":	37500304,
				"bits_per_second":	300001537.925745,
				"packets":	25898,
				"omitted":	false,
				"sender":	true
			}
		}, {
			"streams":	[{
					"socket":	5,
					"start":	8.000086,
					"end":	9.000047,
					"seconds":	0.999961018562317,
					"bytes":	37498856,
					"bits_per_second":	300002542.53041643,
					"packets":	25897,
					"omitted":	false,
					"sender":	true
				}],
			"sum":	{
				"start":	8.000086,
				"end":	9.000047,
				"seconds":	0.999961018562317,
				"bytes":	37498856,
				"bits_per_second":	300002542.53041643,
				"packets":	25897,
				"omitted":	false,
				"sender":	true
			}
		}, {
			"streams":	[{
					"socket":	5,
					"start":	9.000047,
					"end":	10.000085,
					"seconds":	1.0000380277633667,
					"bytes":	37501752,
					"bits_per_second":	300002607.57182986,
					"packets":	25899,
					"omitted":	false,
					"sender":	true
				}],
			"sum":	{
				"start":	9.000047,
				"end":	10.000085,
				"seconds":	1.0000380277633667,
				"bytes":	37501752,
				"bits_per_second":	300002607.57182986,
				"packets":	25899,
				"omitted":	false,
				"sender":	true
			}
		}, {
			"streams":	[{
					"socket":	5,
					"start":	10.000085,
					"end":	11.000048,
					"seconds":	0.99996298551559448,
					"bytes":	37500304,
					"bits_per_second":	300013536.846381,
					"packets":	25898,
					"omitted":	false,
					"sender":	true
				}],
			"sum":	{
				"start":	10.000085,
				"end":	11.000048,
				"seconds":	0.99996298551559448,
				"bytes":	37500304,
				"bits_per_second":	300013536.846381,
				"packets":	25898,
				"omitted":	false,
				"sender":	true
			}
		}, {
			"streams":	[{
					"socket":	5,
					"start":	11.000048,
					"end":	12.00007,
					"seconds":	1.0000220537185669,
					"bytes":	37498856,
					"bits_per_second":	299984232.23216784,
					"packets":	25897,
					"omitted":	false,
					"sender":	true
				}],
			"sum":	{
				"start":	11.000048,
				"end":	12.00007,
				"seconds":	1.0000220537185669,
				"bytes":	37498856,
				"bits_per_second":	299984232.23216784,
				"packets":	25897,
				"omitted":	false,
				"sender":	true
			}
		}, {
			"streams":	[{
					"socket":	5,
					"start":	12.00007,
					"end":	13.000098,
					"seconds":	1.0000280141830444,
					"bytes":	37500304,
					"bits_per_second":	299994027.91238981,
					"packets":	25898,
					"omitted":	false,
					"sender":	true
				}],
			"sum":	{
				"start":	12.00007,
				"end":	13.000098,
				"seconds":	1.0000280141830444,
				"bytes":	37500304,
				"bits_per_second":	299994027.91238981,
				"packets":	25898,
				"omitted":	false,
				"sender":	true
			}
		}, {
			"streams":	[{
					"socket":	5,
					"start":	13.000098,
					"end":	14.000047,
					"seconds":	0.99994897842407227,
					"bytes":	37507544,
					"bits_per_second":	300075662.33318979,
					"packets":	25903,
					"omitted":	false,
					"sender":	true
				}],
			"sum":	{
				"start":	13.000098,
				"end":	14.000047,
				"seconds":	0.99994897842407227,
				"bytes":	37507544,
				"bits_per_second":	300075662.33318979,
				"packets":	25903,
				"omitted":	false,
				"sender":	true
			}
		}, {
			"streams":	[{
					"socket":	5,
					"start":	14.000047,
					"end":	15.00007,
					"seconds":	1.0000230073928833,
					"bytes":	37491616,
					"bits_per_second":	299926027.48404974,
					"packets":	25892,
					"omitted":	false,
					"sender":	true
				}],