{
	"start":	{
		"connected":	[{
				"socket":	5,
				"local_host":	"10.0.2.2",
				"local_port":	44662,
				"remote_host":	"10.0.1.2",
				"remote_port":	5201
			}],
		"version":	"iperf 3.12",
		"system_info":	"Linux ffa375ae6905 6.6.87.2-microsoft-standard-WSL2 #1 SMP PREEMPT_DYNAMIC Thu Jun  5 18:30:46 UTC 2025 x86_64",
		"timestamp":	{
			"time":	"Sun, 22 Feb 2026 14:32:22 GMT",
			"timesecs":	1771770742
		},
		"connecting_to":	{
			"host":	"10.0.1.2",
			"port":	5201
		},
		"cookie":	"wn2xukdqsofv6ou2egbzozm2iaymbvhgbvoh",
		"target_bitrate":	300000000,
		"sock_bufsize":	0,
		"sndbuf_actual":	212992,
		"rcvbuf_actual":	212992,
		"test_start":	{
			"protocol":	"UDP",
			"num_streams":	1,
			"blksize":	1448,
			"omit":	0,
			"duration":	20,
			"bytes":	0,
			"blocks":	0,
			"reverse":	0,
			"tos":	0,
			"target_bitrate":	300000000
		}
	},
	"intervals":	[{
			"streams":	[{
					"socket":	5,
					"start":	0,
					"end":	1.000109,
					"seconds":	1.0001089572906494,
					"bytes":	37474240,
					"bits_per_second":	299761258.82539672,
					"packets":	25880,
					"omitted":	false,
					"sender":	true
				}],
			"sum":	{
				"start":	0,
				"end":	1.000109,
				"seconds":	1.0001089572906494,
				"bytes":	37474240,
				"bits_per_second":	299761258.82539672,
				"packets":	25880,
				"omitted":	false,
				"sender":	true
			}
		}, {
			"streams":	[{
					"socket":	5,
					"start":	1.000109,
					"end":	2.000078,
					"seconds":	0.9999690055847168,
					"bytes":	37500304,
					"bits_per_second":	300011730.68817079,
					"packets":	25898,
					"omitted":	false,
					"sender":	true
				}],
			"sum":	{
				"start":	1.000109,
				"end":	2.000078,
				"seconds":	0.9999690055847168,
				"bytes":	37500304,
				"bits_per_second":	300011730.68817079,
				"packets":	25898,
				"omitted":	false,
				"sender":	true
			}
		}, {
			"streams":	[{
					"socket":	5,
					"start":	2.000078,
					"end":	3.000049,
					"seconds":	0.99997097253799438,
					"bytes":	37506096,
					"bits_per_second":	300057477.90703946,
					"packets":	25902,
					"omitted":	false,
					"sender":	true
				}],
			"sum":	{
				"start":	2.000078,
				"end":	3.000049,
				"seconds":	0.99997097253799438,
				"bytes":	37506096,
				"bits_per_second":	300057477.90703946,
				"packets":	25902,
				"omitted":	false,
				"sender":	true
			}
		}, {
			"streams":	[{
					"socket":	5,
					"start":	3.000049,
					"end":	4.000075,
					"seconds":	1.0000259876251221,
					"bytes":	37495960,
					"bits_per_second":	299959884.75496334,
					"packets":	25895,
					"omitted":	false,
					"sender":	true
				}],
			"sum":	{
				"start":	3.000049,
				"end":	4.000075,
				"seconds":	1.0000259876251221,
				"bytes":	37495960,
				"bits_per_second":	299959884.75496334,
				"packets":	25895,
				"omitted":	false,
				"sender":	true
			}
		}, {
			"streams":	[{
					"socket":	5,
					"start":	4.000075,
					"end":	5.000088,
					"seconds":	1.000012993812561,
					"bytes":	37501752,
					"bits_per_second":	300010117.72476387,
					"packets":	25899,
					"omitted":	false,
					"sender":	true
				}],
			"sum":	{
				"start":	4.000075,
				"end":	5.000088,
				"seconds":	1.000012993812561,
				"bytes":	37501752,
				"bits_per_second":	300010117.72476387,
				"packets":	25899,
				"omitted":	false,
				"sender":	true
			}
		}, {
			"streams":	[{
					"socket":	5,
					"start":	5.000088,
					"end":	6.000082,
					"seconds":	0.99999397993087769,
					"bytes":	37495960,
					"bits_per_second":	299969485.83703935,
					"packets":	25895,
					"omitted":	false,
					"sender":	true
				}],
			"sum":	{
				"start":	5.000088,
				"end":	6.000082,
				"seconds":	0.99999397993087769,
				"bytes":	37495960,
				"bits_per_second":	299969485.83703935,
				"packets":	25895,
				"omitted":	false,
				"sender":	true
			}
		}, {
			"streams":	[{
					"socket":	5,
					"start":	6.000082,
					"end":	7.000085,
					"seconds":	1.0000029802322388,
					"bytes":	37504648,
					"bits_per_second":	300036289.82217628,
					"packets":	25901,
					"omitted":	false,
					"sender":	true
				}],
			"sum":	{
				"start":	6.000082,
				"end":	7.000085,
				"seconds":	1.0000029802322388,
				"bytes":	37504648,
				"bits_per_second":	300036289.82217628,
				"packets":	25901,
				"omitted":	false,
				"sender":	true
			}
		}, {
			"streams":	[{
					"socket":	5,
					"start":	7.000085,
					"end":	8.000051,
					"seconds":	0.999966025352478,
					"bytes":	37495960,
					"bits_per_second":	299977871.64245343,
					"packets":	25895,
					"omitted":	false,
					"sender":	true
				}],
			"sum":	{
				"start":	7.000085,
				"end":	8.000051,
				"seconds":	0.999966025352478,
				"bytes":	37495960,
				"bits_per_second":	299977871.64245343,
				"packets":	25895,
				"omitted":	false,
				"sender":	true
			}
		}, {
			"streams":	[{
					"socket":	5,
					"start":	8.000051,
					"end":	9.000082,
					"seconds":	1.0000309944152832,
					"bytes":	37498856,
					"bits_per_second":	299981550.24725431,
					"packets":	25897,
					"omitted":	false,
					"sender":	true
				}],
			"sum":	{
				"start":	8.000051,
				"end":	9.000082,
				"seconds":	1.0000309944152832,
				"bytes":	37498856,
				"bits_per_second":	299981550.24725431,
				"packets":	25897,
				"omitted":	false,
				"sender":	true
			}
		}, {
			"streams":	[{
					"socket":	5,
					"start":	9.000082,
					"end":	10.000089,
					"seconds":	1.0000070333480835,
					"bytes":	37504648,
					"bits_per_second":	300035073.748889,
					"packets":	25901,
					"omitted":	false,
					"sender":	true
				}],
			"sum":	{
				"start":	9.000082,
				"end":	10.000089,
				"seconds":	1.0000070333480835,
				"bytes":	37504648,
				"bits_per_second":	300035073.748889,
				"packets":	25901,
				"omitted":	false,
				"sender":	true
			}
		}, {
			"streams":	[{
					"socket":	5,
					"start":	10.000089,
					"end":	11.000079,
					"seconds":	0.99998998641967773,
					"bytes":	37503200,
					"bits_per_second":	300028604.36052877,
					"packets":	25900,
					"omitted":	false,
					"sender":	true
				}],
			"sum":	{
				"start":	10.000089,
				"end":	11.000079,
				"seconds":	0.99998998641967773,
				"bytes":	37503200,
				"bits_per_second":	300028604.36052877,
				"packets":	25900,
				"omitted":	false,
				"sender":	true
			}
		}, {
			"streams":	[{
					"socket":	5,
					"start":	11.000079,
					"end":	12.000039,
					"seconds":	0.99996000528335571,
					"bytes":	37494512,
					"bits_per_second":	299968093.13888741,
					"packets":	25894,
					"omitted":	false,
					"sender":	true
				}],
			"sum":	{
				"start":	11.000079,
				"end":	12.000039,
				"seconds":	0.99996000528335571,
				"bytes":	37494512,
				"bits_per_second":	299968093.13888741,
				"packets":	25894,
				"omitted":	false,
				"sender":	true
			}
		}, {
			"streams":	[{
					"socket":	5,
					"start":	12.000039,
					"end":	13.000072,
					"seconds":	1.0000330209732056,
					"bytes":	37498856,
					"bits_per_second":	299980942.33734089,
					"packets":	25897,
					"omitted":	false,
					"sender":	true
				}],
			"sum":	{
				"start":	12.000039,
				"end":	13.000072,
				"seconds":	1.0000330209732056,
				"bytes":	37498856,
				"bits_per_second":	299980942.33734089,
				"packets":	25897,
				"omitted":	false,
				"sender":	true
			}
		}, {
			"streams":	[{
					"socket":	5,
					"start":	13.000072,
					"end":	14.000076,
					"seconds":	1.0000040531158447,
					"bytes":	37498856,
					"bits_per_second":	299989632.10726887,
					"packets":	25897,
					"omitted":	false,
					"sender":	true
				}],
			"sum":	{
				"start":	13.000072,
				"end":	14.000076,
				"seconds":	1.0000040531158447,
				"bytes":	37498856,
				"bits_per_second":	299989632.10726887,
				"packets":	25897,
				"omitted":	false,
				"sender":	true
			}
		}, {
			"streams":	[{
					"socket":	5,
					"start":	14.000076,
					"end":	15.00007,
					"seconds":	0.99999397993087769,
					"bytes":	37497408,
					"bits_per_second":	299981069.90677625,
					"packets":	25896,
					"omitted":	false,