{
	"start":	{
		"connected":	[{
				"socket":	5,
				"local_host":	"10.0.2.2",
				"local_port":	45329,
				"remote_host":	"10.0.1.2",
				"remote_port":	5201
			}],
		"version":	"iperf 3.12",
		"system_info":	"Linux ffa375ae6905 6.6.87.2-microsoft-standard-WSL2 #1 SMP PREEMPT_DYNAMIC Thu Jun  5 18:30:46 UTC 2025 x86_64",
		"timestamp":	{
			"time":	"Sun, 22 Feb 2026 14:40:57 GMT",
			"timesecs":	1771771257
		},
		"connecting_to":	{
			"host":	"10.0.1.2",
			"port":	5201
		},
		"cookie":	"il3nclxndf7lwkmrqwamvem624kjy4ssfo4i",
		"target_bitrate":	300000000,
		"sock_bufsize":	0,
		"sndbuf_actual":	212992,
		"rcvbuf_actual":	212992,
		"test_start":	{
			"protocol":	"UDP",
			"num_streams":	1,
			"blksize":	1448,
			"omit":	0,
			"duration":	20,
			"bytes":	0,
			"blocks":	0,
			"reverse":	0,
			"tos":	0,
			"target_bitrate":	300000000
		}
	},
	"intervals":	[{
			"streams":	[{
					"socket":	5,
					"start":	0,
					"end":	1.000068,
					"seconds":	1.0000679492950439,
					"bytes":	37475688,
					"bits_per_second":	299785133.81149286,
					"packets":	25881,
					"omitted":	false,
					"sender":	true
				}],
			"sum":	{
				"start":	0,
				"end":	1.000068,
				"seconds":	1.0000679492950439,
				"bytes":	37475688,
				"bits_per_second":	299785133.81149286,
				"packets":	25881,
				"omitted":	false,
				"sender":	true
			}
		}, {
			"streams":	[{
					"socket":	5,
					"start":	1.000068,
					"end":	2.00007,
					"seconds":	1.0000020265579224,
					"bytes":	37500304,
					"bits_per_second":	300001824.02892679,
					"packets":	25898,
					"omitted":	false,
					"sender":	true
				}],
			"sum":	{
				"start":	1.000068,
				"end":	2.00007,
				"seconds":	1.0000020265579224,
				"bytes":	37500304,
				"bits_per_second":	300001824.02892679,
				"packets":	25898,
				"omitted":	false,
				"sender":	true
			}
		}, {
			"streams":	[{
					"socket":	5,
					"start":	2.00007,
					"end":	3.000025,
					"seconds":	0.99995499849319458,
					"bytes":	37498856,
					"bits_per_second":	300004348.64773732,
					"packets":	25897,
					"omitted":	false,
					"sender":	true
				}],
			"sum":	{
				"start":	2.00007,
				"end":	3.000025,
				"seconds":	0.99995499849319458,
				"bytes":	37498856,
				"bits_per_second":	300004348.64773732,
				"packets":	25897,
				"omitted":	false,
				"sender":	true
			}
		}, {
			"streams":	[{
					"socket":	5,
					"start":	3.000025,
					"end":	4.000054,
					"seconds":	1.0000289678573608,
					"bytes":	37501752,
					"bits_per_second":	300005325.48852378,
					"packets":	25899,
					"omitted":	false,
					"sender":	true
				}],
			"sum":	{
				"start":	3.000025,
				"end":	4.000054,
				"seconds":	1.0000289678573608,
				"bytes":	37501752,
				"bits_per_second":	300005325.48852378,
				"packets":	25899,
				"omitted":	false,
				"sender":	true
			}
		}, {
			"streams":	[{
					"socket":	5,
					"start":	4.000054,
					"end":	5.000069,
					"seconds":	1.0000150203704834,
					"bytes":	37500304,
					"bits_per_second":	299997925.92000842,
					"packets":	25898,
					"omitted":	false,
					"sender":	true
				}],
			"sum":	{
				"start":	4.000054,
				"end":	5.000069,
				"seconds":	1.0000150203704834,
				"bytes":	37500304,
				"bits_per_second":	299997925.92000842,
				"packets":	25898,
				"omitted":	false,
				"sender":	true
			}
		}, {
			"streams":	[{
					"socket":	5,
					"start":	5.000069,
					"end":	6.000048,
					"seconds":	0.999979019165039,
					"bytes":	37498856,
					"bits_per_second":	299997142.190529,
					"packets":	25897,
					"omitted":	false,
					"sender":	true
				}],
			"sum":	{
				"start":	5.000069,
				"end":	6.000048,
				"seconds":	0.999979019165039,
				"bytes":	37498856,
				"bits_per_second":	299997142.190529,
				"packets":	25897,
				"omitted":	false,
				"sender":	true
			}
		}, {
			"streams":	[{
					"socket":	5,
					"start":	6.000048,
					"end":	7.000086,
					"seconds":	1.0000380277633667,
					"bytes":	37506096,
					"bits_per_second":	300037358.25033927,
					"packets":	25902,
					"omitted":	false,
					"sender":	true
				}],
			"sum":	{
				"start":	6.000048,
				"end":	7.000086,
				"seconds":	1.0000380277633667,
				"bytes":	37506096,
				"bits_per_second":	300037358.25033927,
				"packets":	25902,
				"omitted":	false,
				"sender":	true
			}
		}, {
			"streams":	[{
					"socket":	5,
					"start":	7.000086,
					"end":	8.000072,
					"seconds":	0.99998599290847778,
					"bytes":	37498856,
					"bits_per_second":	299995050.0581224,
					"packets":	25897,
					"omitted":	false,
					"sender":	true
				}],
			"sum":	{
				"start":	7.000086,
				"end":	8.000072,
				"seconds":	0.99998599290847778,
				"bytes":	37498856,
				"bits_per_second":	299995050.0581224,
				"packets":	25897,
				"omitted":	false,
				"sender":	true
			}
		}, {
			"streams":	[{
					"socket":	5,
					"start":	8.000072,
					"end":	9.000062,
					"seconds":	0.99998998641967773,
					"bytes":	37497408,
					"bits_per_second":	299982267.89653486,
					"packets":	25896,
					"omitted":	false,
					"sender":	true
				}],
			"sum":	{
				"start":	8.000072,
				"end":	9.000062,
				"seconds":	0.99998998641967773,
				"bytes":	37497408,
				"bits_per_second":	299982267.89653486,
				"packets":	25896,
				"omitted":	false,
				"sender":	true
			}
		}, {
			"streams":	[{
					"socket":	5,
					"start":	9.000062,
					"end":	10.000069,
					"seconds":	1.0000070333480835,
					"bytes":	37497408,
					"bits_per_second":	299977154.15625775,
					"packets":	25896,
					"omitted":	false,
					"sender":	true
				}],
			"sum":	{
				"start":	9.000062,
				"end":	10.000069,
				"seconds":	1.0000070333480835,
				"bytes":	37497408,
				"bits_per_second":	299977154.15625775,
				"packets":	25896,
				"omitted":	false,
				"sender":	true
			}
		}, {
			"streams":	[{
					"socket":	5,
					"start":	10.000069,
					"end":	11.000109,
					"seconds":	1.0000400543212891,
					"bytes":	37506096,
					"bits_per_second":	300036750.23160768,
					"packets":	25902,
					"omitted":	false,
					"sender":	true
				}],
			"sum":	{
				"start":	10.000069,
				"end":	11.000109,
				"seconds":	1.0000400543212891,
				"bytes":	37506096,
				"bits_per_second":	300036750.23160768,
				"packets":	25902,
				"omitted":	false,
				"sender":	true
			}
		}, {
			"streams":	[{
					"socket":	5,
					"start":	11.000109,
					"end":	12.000118,
					"seconds":	1.0000089406967163,
					"bytes":	37495960,
					"bits_per_second":	299964998.10392642,
					"packets":	25895,
					"omitted":	false,
					"sender":	true
				}],
			"sum":	{
				"start":	11.000109,
				"end":	12.000118,
				"seconds":	1.0000089406967163,
				"bytes":	37495960,
				"bits_per_second":	299964998.10392642,
				"packets":	25895,
				"omitted":	false,
				"sender":	true
			}
		}, {
			"streams":	[{
					"socket":	5,
					"start":	12.000118,
					"end":	13.000051,
					"seconds":	0.99993300437927246,
					"bytes":	37498856,
					"bits_per_second":	300010947.41964746,
					"packets":	25897,
					"omitted":	false,
					"sender":	true
				}],
			"sum":	{
				"start":	12.000118,
				"end":	13.000051,
				"seconds":	0.99993300437927246,
				"bytes":	37498856,
				"bits_per_second":	300010947.41964746,
				"packets":	25897,
				"omitted":	false,
				"sender":	true
			}
		}, {
			"streams":	[{
					"socket":	5,
					"start":	13.000051,
					"end":	14.00007,
					"seconds":	1.0000189542770386,
					"bytes":	37498856,
					"bits_per_second":	299985161.998132,
					"packets":	25897,
					"omitted":	false,
					"sender":	true
				}],
			"sum":	{
				"start":	13.000051,
				"end":	14.00007,
				"seconds":	1.0000189542770386,
				"bytes":	37498856,
				"bits_per_second":	299985161.998132,
				"packets":	25897,
				"omitted":	false,
				"sender":	true
			}
		}, {
			"streams":	[{
					"socket":	5,
					"start":	14.00007,
					"end":	15.000073,
					"seconds":	1.0000029802322388,
					"bytes":	37497408,
					"bits_per_second":	299978369.99479079,
					"packets":	25896,
					"omitted":	false,
					"sender":	true
				}],